{
    "model_name": "red",
    "X_robot_mm": 118.22727272727275,
    "Y_robot_mm": -40.0,
    "Z_robot_mm": 304.955311183672
}