{
    "model_name": "yellow",
    "X_robot_mm": -69.9,
    "Y_robot_mm": 95.51020408163271,
    "Z_robot_mm": 371.90416131882756
}